{"cameraMode":{"drawMode":0,"name":"Shaded","section":"Shading Mode"},"sceneLighting":false,"audioPlay":false,"sceneViewState":{"m_AlwaysRefresh":false,"showFog":true,"showSkybox":false,"showFlares":true,"showImageEffects":true,"showParticleSystems":true,"showVisualEffectGraphs":true,"m_FxEnabled":false},"in2DMode":false,"pivot":{"x":-0.04006195440888405,"y":0.6388905048370361,"z":1.0117911100387574},"rotation":{"x":-0.00009026485349750146,"y":0.9994474053382874,"z":-0.03330359235405922,"w":-0.0026961471885442735},"size":0.5646048784255981,"orthographic":false}