{"cameraMode":{"drawMode":0,"name":"Shaded","section":"Shading Mode"},"sceneLighting":false,"audioPlay":false,"sceneViewState":{"m_AlwaysRefresh":false,"showFog":true,"showSkybox":false,"showFlares":true,"showImageEffects":true,"showParticleSystems":true,"showVisualEffectGraphs":true,"m_FxEnabled":false},"in2DMode":false,"pivot":{"x":2.7755091190338136,"y":1.7781007289886475,"z":-1.064105749130249},"rotation":{"x":-0.11132191866636276,"y":0.2164149135351181,"z":-0.024846291169524194,"w":-0.9696177840232849},"size":2.3049538135528566,"orthographic":false}