{"cameraMode":{"drawMode":0,"name":"Shaded","section":"Shading Mode"},"sceneLighting":false,"audioPlay":false,"sceneViewState":{"m_AlwaysRefresh":false,"showFog":true,"showSkybox":false,"showFlares":true,"showImageEffects":true,"showParticleSystems":true,"showVisualEffectGraphs":true,"m_FxEnabled":false},"in2DMode":false,"pivot":{"x":1.4371635913848878,"y":1.8648412227630616,"z":-2.3482630252838136},"rotation":{"x":-0.22596092522144319,"y":-0.12323612719774246,"z":0.02883078157901764,"w":-0.9658821821212769},"size":2.2980761528015138,"orthographic":false}