{"cameraMode":{"drawMode":0,"name":"Shaded","section":"Shading Mode"},"sceneLighting":false,"audioPlay":false,"sceneViewState":{"m_AlwaysRefresh":false,"showFog":true,"showSkybox":false,"showFlares":true,"showImageEffects":true,"showParticleSystems":true,"showVisualEffectGraphs":true,"m_FxEnabled":false},"in2DMode":false,"pivot":{"x":2.6035990715026857,"y":1.0422401428222657,"z":-1.5422676801681519},"rotation":{"x":-0.12424605339765549,"y":0.06157425418496132,"z":-0.007724900729954243,"w":-0.9903107285499573},"size":5.598076820373535,"orthographic":false}