{"cameraMode":{"drawMode":0,"name":"Shaded","section":"Shading Mode"},"sceneLighting":false,"audioPlay":false,"sceneViewState":{"m_AlwaysRefresh":false,"showFog":true,"showSkybox":false,"showFlares":true,"showImageEffects":true,"showParticleSystems":true,"showVisualEffectGraphs":true,"m_FxEnabled":false},"in2DMode":false,"pivot":{"x":21.97931671142578,"y":22.782352447509767,"z":54.806358337402347},"rotation":{"x":-0.1095367893576622,"y":-0.030712183564901353,"z":0.0033865338191390039,"w":-0.9935032725334168},"size":50.21732711791992,"orthographic":false}