{"cameraMode":{"drawMode":0,"name":"Shaded","section":"Shading Mode"},"sceneLighting":false,"audioPlay":false,"sceneViewState":{"m_AlwaysRefresh":false,"showFog":true,"showSkybox":false,"showFlares":true,"showImageEffects":true,"showParticleSystems":true,"showVisualEffectGraphs":true,"m_FxEnabled":false},"in2DMode":false,"pivot":{"x":-0.029520273208618165,"y":9.148971557617188,"z":-0.11826705932617188},"rotation":{"x":-0.1095367893576622,"y":-0.030712183564901353,"z":0.0033865338191390039,"w":-0.9935032725334168},"size":11.033828735351563,"orthographic":false}