{"cameraMode":{"drawMode":0,"name":"Shaded","section":"Shading Mode"},"sceneLighting":false,"audioPlay":false,"sceneViewState":{"m_AlwaysRefresh":false,"showFog":true,"showSkybox":false,"showFlares":true,"showImageEffects":true,"showParticleSystems":true,"showVisualEffectGraphs":true,"m_FxEnabled":false},"in2DMode":false,"pivot":{"x":2.5958852767944338,"y":2.355304479598999,"z":-0.4902973175048828},"rotation":{"x":-0.12424605339765549,"y":0.06157425418496132,"z":-0.007724900729954243,"w":-0.9903107285499573},"size":3.5356225967407228,"orthographic":false}