{"cameraMode":{"drawMode":0,"name":"Shaded","section":"Shading Mode"},"sceneLighting":false,"audioPlay":false,"sceneViewState":{"m_AlwaysRefresh":false,"showFog":true,"showSkybox":false,"showFlares":true,"showImageEffects":true,"showParticleSystems":true,"showVisualEffectGraphs":true,"m_FxEnabled":false},"in2DMode":false,"pivot":{"x":1.8927252292633057,"y":1.1717891693115235,"z":-2.2359814643859865},"rotation":{"x":-0.05128223076462746,"y":-0.014384439215064049,"z":0.0007392577244900167,"w":-0.9985853433609009},"size":4.063059329986572,"orthographic":false}